{
"lengthUnit": "mil",
"components": {
	"fields": ["COMPONENT_NO", "COMPONENT_NAME", "LAYER", "X_COORDINATE", "Y_COORDINATE", "ANGLE"],
	"rows": [
		[1, "AE1", "T", -450, 634.25, 90],
		[2, "C1", "T", -400, 880.36, 90],
		[3, "C2", "T", -262.02, 880, 90],
		[4, "C3", "T", -180, 880, 90],
		[5, "C4", "T", 46.89, 905, 270],
		[6, "C5", "T", 172.47, 900, 90],
		[7, "C8", "T", -182.28, 735, 90],
		[8, "C9", "T", -291.42, 735, 270],
		[9, "C10", "T", -372.99, 735, 270],
		[10, "C11", "T", -331.34, 735, 270],
		[11, "C12", "T", -169.8, 605, 270],
		[12, "C13", "T", -236.26, 735.41, 90],
		[13, "C14", "T", -9.61, 355, 0],
		[14, "C15", "T", -30.37, 300, 180],
		[15, "C16", "T", 197.96, 704.86, 225],
		[16, "C17", "T", 56.59, 365, 180],
		[17, "C18", "T", -214.2, 640, 270],
		[18, "C19", "T", -254.94, 509.2, 180],
		[19, "C20", "T", -262.03, 329.2, 0],
		[20, "C21", "T", 277.83, 448.4, 270],
		[21, "C22", "T", 277.83, 515, 90],
		[22, "C23", "T", -60, 382.77, 180],
		[23, "C24", "T", -182.28, 485, 270],
		[24, "CN2", "B", -343.66, 700, 270],
		[25, "L1", "T", -10, 907.45, 90],
		[26, "L2", "T", -315.55, 575, 180],
		[27, "L4", "T", -254.94, 575, 180],
		[28, "L5", "T", 130.05, 342.61, 90],
		[29, "L6", "T", 56.59, 300.15, 0],
		[30, "MIC1", "T", 370, 661.54, 90],
		[31, "R1", "T", -450, 903.82, 90],
		[32, "R2", "T", -313.03, 893.58, 90],
		[33, "R3", "T", -120, 849.73, 0],
		[34, "R4", "T", -369.39, 575, 180],
		[35, "R7", "T", 294.84, 863.82, 270],
		[36, "R8", "T", 246.82, 865.19, 270],
		[37, "R17", "T", -169.8, 545.98, 270],
		[38, "R19", "T", 277.83, 765, 90],
		[39, "SW1", "T", 400, 509.2, 90],
		[40, "TP1", "T", 509.03, 827.17, 0],
		[41, "TP2", "T", 410, 385.51, 0],
		[42, "TP4", "T", 494.03, 549.28, 0],
		[43, "TP7", "T", 309.03, 1085.91, 0],
		[44, "TP8", "T", 229.04, 1152.39, 0],
		[45, "TP9", "T", 5.75, 200, 0],
		[46, "TP10", "T", 436.4, 935, 0],
		[47, "TP11", "T", 504.03, 774.51, 0],
		[48, "TP12", "T", 471.09, 880.86, 0],
		[49, "U2", "T", -190, 975, 90],
		[50, "U3", "T", -350, 975, 90],
		[51, "U4", "T", -70, 917.34, 90],
		[52, "U5", "B", 310, 355, 225],
		[53, "U6", "B", 320, 890, 315],
		[54, "U9", "T", 0.83, 554.2, 90],
		[55, "USB1", "T", -10, 1145, 180],
		[56, "X1", "T", -260.12, 420, 90],
		[57, "X2", "T", 210.79, 478.22, 90]
	]
},
"pins": {
	"fields": ["PIN_NO", "PIN_NAME", "PIN_X", "PIN_Y", "LAYER", "PIN_TYPE", "NET_NAME", "NET_TYPE", "PAD_SHAPE", "PAD_SIZEX", "PAD_SIZEY", "HOLE_SIZE", "PAD_ANGLE"],
	"rows": [
		[1, "AE1_1", -450, 572.12, "T", "SMD", "$1N3382", "", "R", 39.37, 68.9, 0, 90],
		[2, "AE1_2", -450, 696.38, "T", "SMD", "AE1_2", "", "R", 39.37, 68.9, 0, 90],
		[3, "C1_1", -400, 858.9, "T", "SMD", "AGND", "", "R", 31.11, 21.26, 0, 90],
		[4, "C1_2", -400, 901.82, "T", "SMD", "$1N15802", "", "R", 31.11, 21.26, 0, 90],
		[5, "C2_1", -262.02, 858.54, "T", "SMD", "AGND", "", "R", 31.11, 21.26, 0, 90],
		[6, "C2_2", -262.02, 901.46, "T", "SMD", "$1N2608", "", "R", 31.11, 21.26, 0, 90],
		[7, "C3_1", -180, 858.54, "T", "SMD", "AGND", "", "R", 31.11, 21.26, 0, 90],
		[8, "C3_2", -180, 901.46, "T", "SMD", "$1N2669", "", "R", 31.11, 21.26, 0, 90],
		[9, "C4_1", 46.89, 926.46, "T", "SMD", "AGND", "", "R", 31.11, 21.26, 0, 270],
		[10, "C4_2", 46.89, 883.54, "T", "SMD", "+3V3", "", "R", 31.11, 21.26, 0, 270],
		[11, "C5_1", 172.47, 878.54, "T", "SMD", "VBUS", "", "R", 31.11, 21.26, 0, 90],
		[12, "C5_2", 172.47, 921.46, "T", "SMD", "AGND", "", "R", 31.11, 21.26, 0, 90],
		[13, "C8_1", -182.28, 713.54, "T", "SMD", "AGND", "", "R", 31.11, 21.26, 0, 90],
		[14, "C8_2", -182.28, 756.46, "T", "SMD", "VDD_NRF", "", "R", 31.11, 21.26, 0, 90],
		[15, "C9_1", -291.42, 745.8, "T", "SMD", "VDD_NRF", "", "R", 14.51, 12.76, 0, 270],
		[16, "C9_2", -291.42, 724.2, "T", "SMD", "AGND", "", "R", 14.51, 12.76, 0, 270],
		[17, "C10_1", -372.99, 745.8, "T", "SMD", "VDD_NRF", "", "R", 14.51, 12.76, 0, 270],
		[18, "C10_2", -372.99, 724.2, "T", "SMD", "AGND", "", "R", 14.51, 12.76, 0, 270],
		[19, "C11_1", -331.34, 745.8, "T", "SMD", "VDD_NRF", "", "R", 14.51, 12.76, 0, 270],
		[20, "C11_2", -331.34, 724.2, "T", "SMD", "AGND", "", "R", 14.51, 12.76, 0, 270],
		[21, "C12_1", -169.8, 615.8, "T", "SMD", "AGND", "", "R", 14.51, 12.76, 0, 270],
		[22, "C12_2", -169.8, 594.2, "T", "SMD", "$1N39111", "", "R", 14.51, 12.76, 0, 270],
		[23, "C13_1", -236.26, 713.95, "T", "SMD", "AGND", "", "R", 31.11, 21.26, 0, 90],
		[24, "C13_2", -236.26, 756.87, "T", "SMD", "VDD_NRF", "", "R", 31.11, 21.26, 0, 90],
		[25, "C14_1", -20.41, 355, "T", "SMD", "DEC46", "", "R", 14.51, 12.76, 0, 0],
		[26, "C14_2", 1.19, 355, "T", "SMD", "AGND", "", "R", 14.51, 12.76, 0, 0],
		[27, "C15_1", -8.91, 300, "T", "SMD", "AGND", "", "R", 31.11, 21.26, 0, 180],
		[28, "C15_2", -51.83, 300, "T", "SMD", "DEC46", "", "R", 31.11, 21.26, 0, 180],
		[29, "C16_1", 213.13, 720.03, "T", "SMD", "AGND", "", "R", 31.11, 21.26, 0, 225],
		[30, "C16_2", 182.79, 689.68, "T", "SMD", "$1N38769", "", "R", 31.11, 21.26, 0, 225],
		[31, "C17_1", 67.39, 365, "T", "SMD", "DEC1", "", "R", 14.51, 12.76, 0, 180],
		[32, "C17_2", 45.79, 365, "T", "SMD", "AGND", "", "R", 14.51, 12.76, 0, 180],
		[33, "C18_1", -214.2, 650.8, "T", "SMD", "AGND", "", "R", 14.51, 12.76, 0, 270],
		[34, "C18_2", -214.2, 629.2, "T", "SMD", "$1N38954", "", "R", 14.51, 12.76, 0, 270],
		[35, "C19_1", -244.14, 509.2, "T", "SMD", "AGND", "", "R", 14.51, 12.76, 0, 180],
		[36, "C19_2", -265.74, 509.2, "T", "SMD", "XC1", "", "R", 14.51, 12.76, 0, 180],
		[37, "C20_1", -272.83, 329.2, "T", "SMD", "AGND", "", "R", 14.51, 12.76, 0, 0],
		[38, "C20_2", -251.23, 329.2, "T", "SMD", "XC2", "", "R", 14.51, 12.76, 0, 0],
		[39, "C21_1", 277.83, 459.2, "T", "SMD", "AGND", "", "R", 14.51, 12.76, 0, 270],
		[40, "C21_2", 277.83, 437.6, "T", "SMD", "XL1", "", "R", 14.51, 12.76, 0, 270],
		[41, "C22_1", 277.83, 504.2, "T", "SMD", "AGND", "", "R", 14.51, 12.76, 0, 90],
		[42, "C22_2", 277.83, 525.8, "T", "SMD", "XL2", "", "R", 14.51, 12.76, 0, 90],
		[43, "C23_1", -49.2, 382.77, "T", "SMD", "AGND", "", "R", 14.51, 12.76, 0, 180],
		[44, "C23_2", -70.8, 382.77, "T", "SMD", "$1N39479", "", "R", 14.51, 12.76, 0, 180],
		[45, "C24_1", -182.28, 495.8, "T", "SMD", "AGND", "", "R", 14.51, 12.76, 0, 270],
		[46, "C24_2", -182.28, 474.2, "T", "SMD", "$1N39540", "", "R", 14.51, 12.76, 0, 270],
		[47, "CN2_1", -458.82, 739.37, "B", "SMD", "AGND", "", "R", 39.37, 149.61, 0, 270],
		[48, "CN2_2", -458.82, 660.63, "B", "SMD", "+BATT", "", "R", 39.37, 149.61, 0, 270],
		[49, "CN2_3", -228.5, 568.11, "B", "SMD", "CN2_3", "", "R", 59.05, 133.86, 0, 270],
		[50, "CN2_4", -228.5, 831.89, "B", "SMD", "CN2_4", "", "R", 59.05, 133.86, 0, 270],
		[51, "L1_1", -10, 879.89, "T", "SMD", "+3V3", "", "R", 31.5, 34.02, 0, 270],
		[52, "L1_2", -10, 935, "T", "SMD", "LX", "", "R", 31.5, 34.02, 0, 270],
		[53, "L2_1", -297.83, 575, "T", "SMD", "ANT", "", "R", 21.65, 15.75, 0, 270],
		[54, "L2_2", -333.26, 575, "T", "SMD", "$1N5000", "", "R", 21.65, 15.75, 0, 270],
		[55, "L4_1", -244.14, 575, "T", "SMD", "$1N39111", "", "R", 14.51, 12.76, 0, 180],
		[56, "L4_2", -265.74, 575, "T", "SMD", "ANT", "", "R", 14.51, 12.76, 0, 180],
		[57, "L5_1", 130.05, 315.06, "T", "SMD", "$1N39307", "", "R", 31.5, 34.02, 0, 270],
		[58, "L5_2", 130.05, 370.17, "T", "SMD", "DCC", "", "R", 31.5, 34.02, 0, 270],
		[59, "L6_1", 45.79, 300.15, "T", "SMD", "DEC46", "", "R", 14.51, 12.76, 0, 0],
		[60, "L6_2", 67.39, 300.15, "T", "SMD", "$1N39307", "", "R", 14.51, 12.76, 0, 0],
		[61, "MIC1_1", 329.15, 628.55, "T", "SMD", "PDM_DATA", "", "R", 28.54, 20.55, 0, 90],
		[62, "MIC1_2", 361.51, 628.54, "T", "SMD", "AGND", "", "R", 28.54, 20.55, 0, 90],
		[63, "MIC1_3", 410.85, 635.44, "T", "SMD", "AGND", "", "P", 64.01, 64, 0, 90],
		[64, "MIC1_4", 361.51, 694.53, "T", "SMD", "PDM_CLK", "", "R", 28.54, 20.55, 0, 90],
		[65, "MIC1_5", 329.15, 694.53, "T", "SMD", "MIC_EN", "", "R", 28.54, 20.55, 0, 90],
		[66, "R1_1", -450, 894.31, "T", "SMD", "+BATT", "", "R", 11.93, 12.76, 0, 90],
		[67, "R1_2", -450, 913.33, "T", "SMD", "$1N15802", "", "R", 11.93, 12.76, 0, 90],
		[68, "R2_1", -313.03, 884.07, "T", "SMD", "VBUS", "", "R", 11.93, 12.76, 0, 90],
		[69, "R2_2", -313.03, 903.09, "T", "SMD", "$1N2608", "", "R", 11.93, 12.76, 0, 90],
		[70, "R3_1", -129.51, 849.73, "T", "SMD", "AGND", "", "R", 11.93, 12.76, 0, 0],
		[71, "R3_2", -110.49, 849.73, "T", "SMD", "$1N2785", "", "R", 11.93, 12.76, 0, 0],
		[72, "R4_1", -359.88, 575, "T", "SMD", "$1N5000", "", "R", 11.93, 12.76, 0, 180],
		[73, "R4_2", -378.9, 575, "T", "SMD", "$1N3382", "", "R", 11.93, 12.76, 0, 180],
		[74, "R7_1", 294.84, 880.86, "T", "SMD", "+3V3", "", "R", 22.27, 21.26, 0, 270],
		[75, "R7_2", 294.84, 846.78, "T", "SMD", "VDD_NRF", "", "R", 22.27, 21.26, 0, 270],
		[76, "R8_1", 246.82, 882.23, "T", "SMD", "+3V3", "", "R", 22.27, 21.26, 0, 270],
		[77, "R8_2", 246.82, 848.15, "T", "SMD", "VDDH", "", "R", 22.27, 21.26, 0, 270],
		[78, "R17_1", -169.8, 555.49, "T", "SMD", "$1N39111", "", "R", 11.93, 12.76, 0, 270],
		[79, "R17_2", -169.8, 536.47, "T", "SMD", "NRF_ANT", "", "R", 11.93, 12.76, 0, 270],
		[80, "R19_1", 277.83, 755.49, "T", "SMD", "MIC_EN", "", "R", 11.93, 12.76, 0, 90],
		[81, "R19_2", 277.83, 774.51, "T", "SMD", "VDD_NRF", "", "R", 11.93, 12.76, 0, 90],
		[82, "SW1_1", 400, 442.27, "T", "SMD", "BUTTON", "", "R", 31.5, 66.93, 0, 90],
		[83, "SW1_2", 400, 576.13, "T", "SMD", "AGND", "", "R", 31.5, 66.93, 0, 90],
		[84, "TP1_1", 509.03, 827.17, "T", "SMD", "PDM_DATA", "", "C", 19.68, 19.68, 0, 0],
		[85, "TP2_1", 410, 385.51, "T", "SMD", "PIEZO_READ", "", "C", 19.68, 19.68, 0, 0],
		[86, "TP4_1", 494.03, 549.28, "T", "SMD", "GPIO2", "", "C", 19.68, 19.68, 0, 0],
		[87, "TP7_1", 309.03, 1085.91, "T", "SMD", "SWDCLK", "", "C", 19.68, 19.68, 0, 0],
		[88, "TP8_1", 229.04, 1152.39, "T", "SMD", "SWDIO", "", "C", 19.68, 19.68, 0, 0],
		[89, "TP9_1", 5.75, 200, "T", "SMD", "VDD_NRF", "", "C", 19.68, 19.68, 0, 0],
		[90, "TP10_1", 436.4, 935, "T", "SMD", "RESET", "", "C", 19.68, 19.68, 0, 0],
		[91, "TP11_1", 504.03, 774.51, "T", "SMD", "AGND", "", "C", 19.68, 19.68, 0, 0],
		[92, "TP12_1", 471.09, 880.86, "T", "SMD", "PDM_CLK", "", "C", 19.68, 19.68, 0, 0],
		[93, "U2_1", -146.69, 949.41, "T", "SMD", "$1N15802", "", "R", 13.78, 33.47, 0, 90],
		[94, "U2_2", -146.69, 975, "T", "SMD", "AGND", "", "R", 13.78, 33.47, 0, 90],
		[95, "U2_3", -146.69, 1000.59, "T", "SMD", "$1N2608", "", "R", 13.78, 33.47, 0, 90],
		[96, "U2_4", -233.31, 1000.59, "T", "SMD", "U2_4", "", "R", 13.78, 33.47, 0, 90],
		[97, "U2_5", -233.31, 975, "T", "SMD", "U2_5", "", "R", 13.78, 33.47, 0, 90],
		[98, "U2_6", -233.31, 949.41, "T", "SMD", "$1N2669", "", "R", 13.78, 33.47, 0, 90],
		[99, "U3_1", -306.69, 949.41, "T", "SMD", "$1N2608", "", "R", 13.78, 33.47, 0, 90],
		[100, "U3_2", -306.69, 975, "T", "SMD", "AGND", "", "R", 13.78, 33.47, 0, 90],
		[101, "U3_3", -306.69, 1000.59, "T", "SMD", "$1N15802", "", "R", 13.78, 33.47, 0, 90],
		[102, "U3_4", -393.31, 1000.59, "T", "SMD", "U3_4", "", "R", 13.78, 33.47, 0, 90],
		[103, "U3_5", -393.31, 975, "T", "SMD", "U3_5", "", "R", 13.78, 33.47, 0, 90],
		[104, "U3_6", -393.31, 949.41, "T", "SMD", "$1N2669", "", "R", 13.78, 33.47, 0, 90],
		[105, "U4_A1", -77.87, 901.59, "T", "SMD", "$1N2669", "", "C", 8.5, 8.5, 0, 90],
		[106, "U4_A2", -77.87, 917.34, "T", "SMD", "LX", "", "C", 8.5, 8.5, 0, 90],
		[107, "U4_A3", -77.87, 933.09, "T", "SMD", "AGND", "", "C", 8.5, 8.5, 0, 90],
		[108, "U4_B1", -62.13, 901.59, "T", "SMD", "$1N2669", "", "C", 8.5, 8.5, 0, 90],
		[109, "U4_B2", -62.13, 917.34, "T", "SMD", "+3V3", "", "C", 8.5, 8.5, 0, 90],
		[110, "U4_B3", -62.13, 933.09, "T", "SMD", "$1N2785", "", "C", 8.5, 8.5, 0, 90],
		[111, "U5_1", 345.36, 390.36, "B", "SMD", "PIEZO_READ", "", "R", 39.37, 78.74, 0, 225],
		[112, "U5_2", 274.64, 319.64, "B", "SMD", "AGND", "", "R", 39.37, 78.74, 0, 225],
		[113, "U6_1", 143.22, 1066.78, "B", "SMD", "SWDIO", "", "R", 39.37, 78.74, 0, 315],
		[114, "U6_2", 213.93, 996.07, "B", "SMD", "SWDCLK", "", "R", 39.37, 78.74, 0, 315],
		[115, "U6_3", 284.64, 925.36, "B", "SMD", "SWO", "", "R", 39.37, 78.74, 0, 315],
		[116, "U6_4", 355.36, 854.64, "B", "SMD", "RESET", "", "R", 39.37, 78.74, 0, 315],
		[117, "U6_5", 426.07, 783.93, "B", "SMD", "+3V3", "", "R", 39.37, 78.74, 0, 315],
		[118, "U6_6", 496.78, 713.22, "B", "SMD", "AGND", "", "R", 39.37, 78.74, 0, 315],
		[119, "U9_0", 0.83, 554.2, "T", "SMD", "AGND", "", "R", 190.94, 190.94, 0, 180],
		[120, "U9_A10", 30.36, 426.25, "T", "SMD", "U9_A10", "", "C", 9.84, 9.84, 0, 180],
		[121, "U9_A12", 10.67, 426.25, "T", "SMD", "U9_A12", "", "C", 9.84, 9.84, 0, 180],
		[122, "U9_A14", -9.01, 426.25, "T", "SMD", "U9_A14", "", "C", 9.84, 9.84, 0, 180],
		[123, "U9_A16", -28.7, 426.25, "T", "SMD", "U9_A16", "", "C", 9.84, 9.84, 0, 180],
		[124, "U9_A18", -48.38, 426.25, "T", "SMD", "$1N39479", "", "C", 9.84, 9.84, 0, 180],
		[125, "U9_A20", -68.07, 426.25, "T", "SMD", "U9_A20", "", "C", 9.84, 9.84, 0, 180],
		[126, "U9_A22", -87.75, 426.25, "T", "SMD", "VDD_NRF", "", "C", 9.84, 9.84, 0, 180],
		[127, "U9_A23", -107.44, 426.25, "T", "SMD", "XC2", "", "C", 9.84, 9.84, 0, 180],
		[128, "U9_A8", 50.04, 426.25, "T", "SMD", "U9_A8", "", "C", 9.84, 9.84, 0, 180],
		[129, "U9_AA24", -127.12, 642.78, "T", "SMD", "SWDCLK", "", "C", 9.84, 9.84, 0, 180],
		[130, "U9_AB2", 109.1, 652.63, "T", "SMD", "U9_AB2", "", "C", 9.84, 9.84, 0, 180],
		[131, "U9_AC11", 20.51, 662.47, "T", "SMD", "U9_AC11", "", "C", 9.84, 9.84, 0, 180],
		[132, "U9_AC13", 0.83, 662.47, "T", "SMD", "RESET", "", "C", 9.84, 9.84, 0, 180],
		[133, "U9_AC15", -18.86, 662.47, "T", "SMD", "U9_AC15", "", "C", 9.84, 9.84, 0, 180],
		[134, "U9_AC17", -38.54, 662.47, "T", "SMD", "U9_AC17", "", "C", 9.84, 9.84, 0, 180],
		[135, "U9_AC19", -58.23, 662.47, "T", "SMD", "U9_AC19", "", "C", 9.84, 9.84, 0, 180],
		[136, "U9_AC21", -77.91, 662.47, "T", "SMD", "U9_AC21", "", "C", 9.84, 9.84, 0, 180],
		[137, "U9_AC24", -127.12, 662.47, "T", "SMD", "SWDIO", "", "C", 9.84, 9.84, 0, 180],
		[138, "U9_AC5", 79.57, 662.47, "T", "SMD", "$1N38769", "", "C", 9.84, 9.84, 0, 180],
		[139, "U9_AC9", 40.2, 662.47, "T", "SMD", "U9_AC9", "", "C", 9.84, 9.84, 0, 180],
		[140, "U9_AD10", 30.36, 682.15, "T", "SMD", "MIC_EN", "", "C", 9.84, 9.84, 0, 180],
		[141, "U9_AD12", 10.67, 682.15, "T", "SMD", "U9_AD12", "", "C", 9.84, 9.84, 0, 180],
		[142, "U9_AD14", -9.01, 682.15, "T", "SMD", "VDD_NRF", "", "C", 9.84, 9.84, 0, 180],
		[143, "U9_AD16", -28.7, 682.15, "T", "SMD", "U9_AD16", "", "C", 9.84, 9.84, 0, 180],
		[144, "U9_AD18", -48.38, 682.15, "T", "SMD", "U9_AD18", "", "C", 9.84, 9.84, 0, 180],
		[145, "U9_AD2", 109.1, 682.15, "T", "SMD", "VBUS", "", "C", 9.84, 9.84, 0, 180],
		[146, "U9_AD20", -68.07, 682.15, "T", "SMD", "U9_AD20", "", "C", 9.84, 9.84, 0, 180],
		[147, "U9_AD22", -87.75, 682.15, "T", "SMD", "SWO", "", "C", 9.84, 9.84, 0, 180],
		[148, "U9_AD23", -107.44, 682.15, "T", "SMD", "VDD_NRF", "", "C", 9.84, 9.84, 0, 180],
		[149, "U9_AD4", 89.41, 682.15, "T", "SMD", "U9_AD4", "", "C", 9.84, 9.84, 0, 180],
		[150, "U9_AD6", 69.73, 682.15, "T", "SMD", "U9_AD6", "", "C", 9.84, 9.84, 0, 180],
		[151, "U9_AD8", 50.04, 682.15, "T", "SMD", "U9_AD8", "", "C", 9.84, 9.84, 0, 180],
		[152, "U9_B1", 128.78, 445.93, "T", "SMD", "VDD_NRF", "", "C", 9.84, 9.84, 0, 180],
		[153, "U9_B11", 20.51, 445.93, "T", "SMD", "U9_B11", "", "C", 9.84, 9.84, 0, 180],
		[154, "U9_B13", 0.83, 445.93, "T", "SMD", "U9_B13", "", "C", 9.84, 9.84, 0, 180],
		[155, "U9_B15", -18.86, 445.93, "T", "SMD", "U9_B15", "", "C", 9.84, 9.84, 0, 180],
		[156, "U9_B17", -38.54, 445.93, "T", "SMD", "U9_B17", "", "C", 9.84, 9.84, 0, 180],
		[157, "U9_B19", -58.23, 445.93, "T", "SMD", "U9_B19", "", "C", 9.84, 9.84, 0, 180],
		[158, "U9_B24", -127.12, 445.93, "T", "SMD", "XC1", "", "C", 9.84, 9.84, 0, 180],
		[159, "U9_B3", 99.25, 445.93, "T", "SMD", "DCC", "", "C", 9.84, 9.84, 0, 180],
		[160, "U9_B5", 79.57, 445.93, "T", "SMD", "DEC46", "", "C", 9.84, 9.84, 0, 180],
		[161, "U9_B7", 59.88, 445.93, "T", "SMD", "AGND", "", "C", 9.84, 9.84, 0, 180],
		[162, "U9_B9", 40.2, 445.93, "T", "SMD", "U9_B9", "", "C", 9.84, 9.84, 0, 180],
		[163, "U9_C1", 128.78, 465.62, "T", "SMD", "DEC1", "", "C", 9.84, 9.84, 0, 180],
		[164, "U9_D2", 109.1, 475.46, "T", "SMD", "XL1", "", "C", 9.84, 9.84, 0, 180],
		[165, "U9_D23", -107.44, 475.46, "T", "SMD", "$1N39540", "", "C", 9.84, 9.84, 0, 180],
		[166, "U9_E24", -127.12, 485.3, "T", "SMD", "DEC46", "", "C", 9.84, 9.84, 0, 180],
		[167, "U9_F2", 109.1, 495.15, "T", "SMD", "XL2", "", "C", 9.84, 9.84, 0, 180],
		[168, "U9_F23", -107.44, 495.15, "T", "SMD", "AGND", "", "C", 9.84, 9.84, 0, 180],
		[169, "U9_G1", 128.78, 504.99, "T", "SMD", "U9_G1", "", "C", 9.84, 9.84, 0, 180],
		[170, "U9_H2", 109.1, 514.83, "T", "SMD", "U9_H2", "", "C", 9.84, 9.84, 0, 180],
		[171, "U9_H23", -107.44, 514.83, "T", "SMD", "NRF_ANT", "", "C", 9.84, 9.84, 0, 180],
		[172, "U9_J1", 128.78, 524.67, "T", "SMD", "PIEZO_READ", "", "C", 9.84, 9.84, 0, 180],
		[173, "U9_J24", -127.12, 524.67, "T", "SMD", "U9_J24", "", "C", 9.84, 9.84, 0, 180],
		[174, "U9_K2", 109.1, 534.52, "T", "SMD", "U9_K2", "", "C", 9.84, 9.84, 0, 180],
		[175, "U9_L1", 128.78, 544.36, "T", "SMD", "GPIO2", "", "C", 9.84, 9.84, 0, 180],
		[176, "U9_L24", -127.12, 544.36, "T", "SMD", "U9_L24", "", "C", 9.84, 9.84, 0, 180],
		[177, "U9_M2", 109.1, 554.2, "T", "SMD", "U9_M2", "", "C", 9.84, 9.84, 0, 180],
		[178, "U9_N1", 128.78, 564.04, "T", "SMD", "U9_N1", "", "C", 9.84, 9.84, 0, 180],
		[179, "U9_N24", -127.12, 564.04, "T", "SMD", "$1N38954", "", "C", 9.84, 9.84, 0, 180],
		[180, "U9_P2", 109.1, 573.89, "T", "SMD", "PDM_CLK", "", "C", 9.84, 9.84, 0, 180],
		[181, "U9_P23", -107.44, 573.88, "T", "SMD", "U9_P23", "", "C", 9.84, 9.84, 0, 180],
		[182, "U9_R1", 128.78, 583.73, "T", "SMD", "PDM_DATA", "", "C", 9.84, 9.84, 0, 180],
		[183, "U9_R24", -127.12, 583.73, "T", "SMD", "U9_R24", "", "C", 9.84, 9.84, 0, 180],
		[184, "U9_T2", 109.1, 593.57, "T", "SMD", "BUTTON", "", "C", 9.84, 9.84, 0, 180],
		[185, "U9_T23", -107.44, 593.57, "T", "SMD", "U9_T23", "", "C", 9.84, 9.84, 0, 180],
		[186, "U9_U1", 128.78, 603.41, "T", "SMD", "U9_U1", "", "C", 9.84, 9.84, 0, 180],
		[187, "U9_U24", -127.12, 603.41, "T", "SMD", "U9_U24", "", "C", 9.84, 9.84, 0, 180],
		[188, "U9_V23", -107.44, 613.25, "T", "SMD", "U9_V23", "", "C", 9.84, 9.84, 0, 180],
		[189, "U9_W1", 128.78, 623.1, "T", "SMD", "VDD_NRF", "", "C", 9.84, 9.84, 0, 180],
		[190, "U9_W24", -127.12, 623.1, "T", "SMD", "U9_W24", "", "C", 9.84, 9.84, 0, 180],
		[191, "U9_Y2", 109.1, 632.94, "T", "SMD", "VDDH", "", "C", 9.84, 9.84, 0, 180],
		[192, "U9_Y23", -107.44, 632.94, "T", "SMD", "U9_Y23", "", "C", 9.84, 9.84, 0, 180],
		[193, "USB1_1", 41.18, 1092.33, "T", "SMD", "VBUS", "", "R", 15.75, 53.15, 0, 180],
		[194, "USB1_2", 15.59, 1092.33, "T", "SMD", "SWDCLK", "", "R", 15.75, 53.15, 0, 180],
		[195, "USB1_3", -10, 1092.33, "T", "SMD", "SWDIO", "", "R", 15.75, 53.15, 0, 180],
		[196, "USB1_4", -35.59, 1092.33, "T", "SMD", "USB1_4", "", "R", 15.75, 53.15, 0, 180],
		[197, "USB1_5", -61.18, 1092.33, "T", "SMD", "AGND", "", "R", 15.75, 53.15, 0, 180],
		[198, "USB1_6", -139.92, 1197.67, "T", "DIP", "AGND", "", "O", 43.31, 70.87, 51.18, 180],
		[199, "USB1_6", -139.92, 1197.67, "B", "DIP", "AGND", "", "O", 43.31, 70.87, 51.18, 180],
		[200, "USB1_6", 119.92, 1197.65, "T", "DIP", "AGND", "", "O", 43.31, 70.87, 51.18, 180],
		[201, "USB1_6", 119.92, 1197.65, "B", "DIP", "AGND", "", "O", 43.31, 70.87, 51.18, 180],
		[202, "USB1_7", 115.98, 1100.94, "T", "SMD", "USB1_7", "", "R", 62.99, 55.12, 0, 0],
		[203, "USB1_7", 37.24, 1197.65, "T", "SMD", "USB1_A_7", "", "R", 74.8, 74.8, 0, 0],
		[204, "USB1_8", -135.99, 1100.94, "T", "SMD", "USB1_8", "", "R", 62.99, 55.12, 0, 0],
		[205, "USB1_8", -57.24, 1197.65, "T", "SMD", "USB1_A_8", "", "R", 74.8, 74.8, 0, 0],
		[206, "X1_1", -237.48, 384.57, "T", "SMD", "XC2", "", "R", 43.31, 31.5, 0, 90],
		[207, "X1_2", -237.49, 455.43, "T", "SMD", "AGND", "", "R", 43.31, 31.5, 0, 90],
		[208, "X1_3", -282.76, 455.43, "T", "SMD", "XC1", "", "R", 43.31, 31.5, 0, 90],
		[209, "X1_4", -282.75, 384.57, "T", "SMD", "AGND", "", "R", 43.31, 31.5, 0, 90],
		[210, "X2_1", 210.8, 428.02, "T", "SMD", "XL1", "", "R", 41.34, 66.93, 0, 90],
		[211, "X2_2", 210.8, 528.41, "T", "SMD", "XL2", "", "R", 41.34, 66.93, 0, 90]
	]
}
}