{
"lengthUnit": "mil",
"components": {
	"fields": ["COMPONENT_NO", "COMPONENT_NAME", "LAYER", "X_COORDINATE", "Y_COORDINATE", "ANGLE"],
	"rows": [
		[1, "C1", "T", 95, 490, 180],
		[2, "C2", "T", 95, 545, 0],
		[3, "C3", "T", 260, 490, 0],
		[4, "C4", "T", 238.46, 640, 0],
		[5, "C5", "T", 475.22, 395, 90],
		[6, "C6", "T", 429.96, 90, 90],
		[7, "R1", "T", 281.54, 65, 90],
		[8, "R2", "T", 171.07, 70, 90],
		[9, "R6", "T", 545, 235, 90],
		[10, "R7", "T", 545, 135, 90],
		[11, "R8", "T", 175, 507.55, 90],
		[12, "R9", "T", 345, 490, 180],
		[13, "R10", "T", 345, 440, 0],
		[14, "R11", "T", 235, 554.34, 0],
		[15, "R12", "T", 304.95, 555, 0],
		[16, "R13", "T", 373.51, 290, 180],
		[17, "R14", "T", 502.63, 570, 0],
		[18, "R15", "T", 470.37, 300, 0],
		[19, "R16", "T", 55, 107.72, 90],
		[20, "R17", "T", 300, 150.85, 270],
		[21, "R18", "T", 140, 440, 180],
		[22, "U2", "B", 281.89, 66.12, 180],
		[23, "U3", "T", 170, 260, 0],
		[24, "U4", "T", 365, 363.34, 180],
		[25, "U5", "B", 290, 720, 0]
	]
},
"pins": {
	"fields": ["PIN_NO", "PIN_NAME", "PIN_X", "PIN_Y", "LAYER", "PIN_TYPE", "NET_NAME", "NET_TYPE", "PAD_SHAPE", "PAD_SIZEX", "PAD_SIZEY", "HOLE_SIZE", "PAD_ANGLE"],
	"rows": [
		[1, "C1_1", 116.46, 490, "T", "SMD", "$1N988", "", "R", 31.11, 21.26, 0, 180],
		[2, "C1_2", 73.54, 490, "T", "SMD", "$1N3656", "", "R", 31.11, 21.26, 0, 180],
		[3, "C2_1", 73.54, 545, "T", "SMD", "$1N3656", "", "R", 31.11, 21.26, 0, 0],
		[4, "C2_2", 116.46, 545, "T", "SMD", "V_F", "", "R", 31.11, 21.26, 0, 0],
		[5, "C3_1", 238.54, 490, "T", "SMD", "V_F", "", "R", 31.11, 21.26, 0, 0],
		[6, "C3_2", 281.46, 490, "T", "SMD", "$1N2818", "", "R", 31.11, 21.26, 0, 0],
		[7, "C4_1", 217, 640, "T", "SMD", "AGND", "", "R", 31.11, 21.26, 0, 0],
		[8, "C4_2", 259.93, 640, "T", "SMD", "$1N2751", "", "R", 31.11, 21.26, 0, 0],
		[9, "C5_1", 475.22, 373.54, "T", "SMD", "$1N3329", "", "R", 31.11, 21.26, 0, 90],
		[10, "C5_2", 475.22, 416.46, "T", "SMD", "V_OUT", "", "R", 31.11, 21.26, 0, 90],
		[11, "C6_1", 429.96, 68.54, "T", "SMD", "AGND", "", "R", 31.11, 21.26, 0, 90],
		[12, "C6_2", 429.96, 111.46, "T", "SMD", "$1N3169", "", "R", 31.11, 21.26, 0, 90],
		[13, "R1_1", 281.54, 55.49, "T", "SMD", "VIN2", "", "R", 11.93, 12.76, 0, 90],
		[14, "R1_2", 281.54, 74.51, "T", "SMD", "$1N688", "", "R", 11.93, 12.76, 0, 90],
		[15, "R2_1", 171.07, 60.49, "T", "SMD", "VIN1", "", "R", 11.93, 12.76, 0, 90],
		[16, "R2_2", 171.07, 79.51, "T", "SMD", "$1N766", "", "R", 11.93, 12.76, 0, 90],
		[17, "R6_1", 545, 217.96, "T", "SMD", "V_REF", "", "R", 22.27, 21.26, 0, 90],
		[18, "R6_2", 545, 252.04, "T", "SMD", "VCC", "", "R", 22.27, 21.26, 0, 90],
		[19, "R7_1", 545, 117.96, "T", "SMD", "AGND", "", "R", 22.27, 21.26, 0, 90],
		[20, "R7_2", 545, 152.04, "T", "SMD", "V_REF", "", "R", 22.27, 21.26, 0, 90],
		[21, "R8_1", 175, 490.5, "T", "SMD", "AGND", "", "R", 22.27, 21.26, 0, 90],
		[22, "R8_2", 175, 524.59, "T", "SMD", "V_F", "", "R", 22.27, 21.26, 0, 90],
		[23, "R9_1", 354.51, 490, "T", "SMD", "AGND", "", "R", 11.93, 12.76, 0, 180],
		[24, "R9_2", 335.49, 490, "T", "SMD", "$1N2818", "", "R", 11.93, 12.76, 0, 180],
		[25, "R10_1", 335.49, 440, "T", "SMD", "$1N2818", "", "R", 11.93, 12.76, 0, 0],
		[26, "R10_2", 354.51, 440, "T", "SMD", "VCC", "", "R", 11.93, 12.76, 0, 0],
		[27, "R11_1", 225.49, 554.34, "T", "SMD", "V_F", "", "R", 11.93, 12.76, 0, 0],
		[28, "R11_2", 244.51, 554.34, "T", "SMD", "$1N2751", "", "R", 11.93, 12.76, 0, 0],
		[29, "R12_1", 295.44, 555, "T", "SMD", "$1N2751", "", "R", 11.93, 12.76, 0, 0],
		[30, "R12_2", 314.46, 555, "T", "SMD", "VCC", "", "R", 11.93, 12.76, 0, 0],
		[31, "R13_1", 383.02, 290, "T", "SMD", "$1N3169", "", "R", 11.93, 12.76, 0, 180],
		[32, "R13_2", 364, 290, "T", "SMD", "$1N3329", "", "R", 11.93, 12.76, 0, 180],
		[33, "R14_1", 465.23, 507, "T", "SMD", "$1N3336", "", "R", 47.24, 47.24, 0, 0],
		[34, "R14_2", 502.63, 633, "T", "SMD", "V_OUT", "", "R", 62.99, 59.05, 0, 0],
		[35, "R14_3", 540.03, 507, "T", "SMD", "V_OUT", "", "R", 47.24, 47.24, 0, 0],
		[36, "R15_1", 460.86, 300, "T", "SMD", "$1N3329", "", "R", 11.93, 12.76, 0, 0],
		[37, "R15_2", 479.88, 300, "T", "SMD", "$1N3336", "", "R", 11.93, 12.76, 0, 0],
		[38, "R16_1", 55, 98.21, "T", "SMD", "$1N766", "", "R", 11.93, 12.76, 0, 90],
		[39, "R16_2", 55, 117.23, "T", "SMD", "VO1", "", "R", 11.93, 12.76, 0, 90],
		[40, "R17_1", 300, 160.37, "T", "SMD", "V_REF", "", "R", 11.93, 12.76, 0, 270],
		[41, "R17_2", 300, 141.34, "T", "SMD", "$1N688", "", "R", 11.93, 12.76, 0, 270],
		[42, "R18_1", 149.51, 440, "T", "SMD", "$1N988", "", "R", 11.93, 12.76, 0, 180],
		[43, "R18_2", 130.49, 440, "T", "SMD", "$1N3656", "", "R", 11.93, 12.76, 0, 180],
		[44, "U2_1", 331.89, 66.12, "B", "SMD", "VIN2", "", "R", 39.37, 78.74, 0, 180],
		[45, "U2_2", 231.89, 66.12, "B", "SMD", "VIN1", "", "R", 39.37, 78.74, 0, 180],
		[46, "U3_1", 95, 150.85, "T", "SMD", "VO1", "", "O", 23.15, 80.51, 0, 0],
		[47, "U3_2", 145, 150.85, "T", "SMD", "$1N766", "", "O", 23.15, 80.51, 0, 0],
		[48, "U3_3", 195, 150.85, "T", "SMD", "$1N688", "", "O", 23.15, 80.51, 0, 0],
		[49, "U3_4", 245, 150.85, "T", "SMD", "AGND", "", "O", 23.15, 80.51, 0, 0],
		[50, "U3_5", 245, 369.15, "T", "SMD", "VO1", "", "O", 23.15, 80.51, 0, 0],
		[51, "U3_6", 195, 369.15, "T", "SMD", "$1N988", "", "O", 23.15, 80.51, 0, 0],
		[52, "U3_7", 145, 369.15, "T", "SMD", "$1N3656", "", "O", 23.15, 80.51, 0, 0],
		[53, "U3_8", 95, 369.15, "T", "SMD", "VCC", "", "O", 23.15, 80.51, 0, 0],
		[54, "U4_1", 321.69, 388.93, "T", "SMD", "$1N2818", "", "R", 13.78, 33.47, 0, 270],
		[55, "U4_2", 321.69, 363.34, "T", "SMD", "AGND", "", "R", 13.78, 33.47, 0, 270],
		[56, "U4_3", 321.69, 337.75, "T", "SMD", "$1N3329", "", "R", 13.78, 33.47, 0, 270],
		[57, "U4_4", 408.31, 337.75, "T", "SMD", "V_OUT", "", "R", 13.78, 33.47, 0, 270],
		[58, "U4_5", 408.31, 388.93, "T", "SMD", "VCC", "", "R", 13.78, 33.47, 0, 270],
		[59, "U5_1", 190, 720, "B", "SMD", "AGND", "", "R", 39.37, 78.74, 0, 0],
		[60, "U5_2", 290, 720, "B", "SMD", "V_OUT", "", "R", 39.37, 78.74, 0, 0],
		[61, "U5_3", 390, 720, "B", "SMD", "VCC", "", "R", 39.37, 78.74, 0, 0]
	]
}
}